id,created_at,event_type,entity_type,entity_id,old_data,new_data,metadata
15,2026-10-04T19:38:31+07:00,UPDATE,approval_instances,e89a2885-5f8a-4dab-a90f-8eb112211585,"{""id"": ""e89a2885-5f8a-4dab-a90f-8eb112211585"", ""status"": ""pending"", ""tenant_id"": ""00000000-0000-0000-0000-000000000001"", ""created_at"": ""2026-10-01T21:44:17.292069+07:00"", ""decided_at"": null, ""decided_by"": null, ""updated_at"": ""2026-10-01T21:44:17.292069+07:00"", ""document_id"": ""08c77ed3-de45-4a9e-9cf8-02aaee4a8ede"", ""amount_minor"": 30000000, ""requester_id"": ""00000000-0000-0000-0000-000000000201"", ""document_type"": ""SO"", ""document_label"": ""SO-0001""}","{""id"": ""e89a2885-5f8a-4dab-a90f-8eb112211585"", ""status"": ""approved"", ""tenant_id"": ""00000000-0000-0000-0000-000000000001"", ""created_at"": ""2026-10-01T21:44:17.292069+07:00"", ""decided_at"": ""2026-10-04T19:38:31.062018+07:00"", ""decided_by"": ""00000000-0000-0000-0000-000000000201"", ""updated_at"": ""2026-10-04T19:38:31.062018+07:00"", ""document_id"": ""08c77ed3-de45-4a9e-9cf8-02aaee4a8ede"", ""amount_minor"": 30000000, ""requester_id"": ""00000000-0000-0000-0000-000000000201"", ""document_type"": ""SO"", ""document_label"": ""SO-0001""}",null
14,2026-10-04T19:38:10+07:00,UPDATE,sales_orders,71379fc3-c160-4125-ba0d-08dfbe1d98f4,"{""id"": ""71379fc3-c160-4125-ba0d-08dfbe1d98f4"", ""note"": ""teata"", ""number"": ""SO-0006"", ""status"": ""submitted"", ""currency"": ""IDR"", ""tenant_id"": ""00000000-0000-0000-0000-000000000001"", ""created_at"": ""2026-10-04T15:54:07.84807+07:00"", ""created_by"": ""00000000-0000-0000-0000-000000000201"", ""price_list"": ""retail"", ""updated_at"": ""2026-10-04T15:54:09.248233+07:00"", ""customer_id"": ""00000000-0000-0000-0000-000000000601"", ""cancelled_at"": null, ""submitted_at"": ""2026-10-04T15:54:09.248233+07:00"", ""warehouse_id"": ""70873b90-1e2d-48a2-9c83-cda907444921"", ""exchange_rate"": 1.00000000, ""base_amount_minor"": 10000000}","{""id"": ""71379fc3-c160-4125-ba0d-08dfbe1d98f4"", ""note"": ""teata"", ""number"": ""SO-0006"", ""status"": ""submitted"", ""currency"": ""IDR"", ""tenant_id"": ""00000000-0000-0000-0000-000000000001"", ""created_at"": ""2026-10-04T15:54:07.84807+07:00"", ""created_by"": ""00000000-0000-0000-0000-000000000201"", ""price_list"": ""retail"", ""updated_at"": ""2026-10-04T19:38:10.505869+07:00"", ""customer_id"": ""00000000-0000-0000-0000-000000000601"", ""cancelled_at"": null, ""submitted_at"": ""2026-10-04T15:54:09.248233+07:00"", ""warehouse_id"": ""70873b90-1e2d-48a2-9c83-cda907444921"", ""exchange_rate"": 1.00000000, ""base_amount_minor"": 10000000}",null
13,2026-10-04T19:38:10+07:00,UPDATE,approval_instances,79315faa-9663-4cd0-803b-af5936ecff12,"{""id"": ""79315faa-9663-4cd0-803b-af5936ecff12"", ""status"": ""pending"", ""tenant_id"": ""00000000-0000-0000-0000-000000000001"", ""created_at"": ""2026-10-04T15:54:09.262558+07:00"", ""decided_at"": null, ""decided_by"": null, ""updated_at"": ""2026-10-04T15:54:09.262558+07:00"", ""document_id"": ""71379fc3-c160-4125-ba0d-08dfbe1d98f4"", ""amount_minor"": 10000000, ""requester_id"": ""00000000-0000-0000-0000-000000000201"", ""document_type"": ""SO"", ""document_label"": ""SO-0006""}","{""id"": ""79315faa-9663-4cd0-803b-af5936ecff12"", ""status"": ""approved"", ""tenant_id"": ""00000000-0000-0000-0000-000000000001"", ""created_at"": ""2026-10-04T15:54:09.262558+07:00"", ""decided_at"": ""2026-10-04T19:38:10.441312+07:00"", ""decided_by"": ""00000000-0000-0000-0000-000000000201"", ""updated_at"": ""2026-10-04T19:38:10.441312+07:00"", ""document_id"": ""71379fc3-c160-4125-ba0d-08dfbe1d98f4"", ""amount_minor"": 10000000, ""requester_id"": ""00000000-0000-0000-0000-000000000201"", ""document_type"": ""SO"", ""document_label"": ""SO-0006""}",null
12,2026-10-04T15:54:09+07:00,INSERT,approval_instances,79315faa-9663-4cd0-803b-af5936ecff12,null,"{""id"": ""79315faa-9663-4cd0-803b-af5936ecff12"", ""status"": ""pending"", ""tenant_id"": ""00000000-0000-0000-0000-000000000001"", ""created_at"": ""2026-10-04T15:54:09.262558+07:00"", ""decided_at"": null, ""decided_by"": null, ""updated_at"": ""2026-10-04T15:54:09.262558+07:00"", ""document_id"": ""71379fc3-c160-4125-ba0d-08dfbe1d98f4"", ""amount_minor"": 10000000, ""requester_id"": ""00000000-0000-0000-0000-000000000201"", ""document_type"": ""SO"", ""document_label"": ""SO-0006""}",null
11,2026-10-04T15:54:09+07:00,UPDATE,sales_orders,71379fc3-c160-4125-ba0d-08dfbe1d98f4,"{""id"": ""71379fc3-c160-4125-ba0d-08dfbe1d98f4"", ""note"": ""teata"", ""number"": ""SO-0006"", ""status"": ""draft"", ""currency"": ""IDR"", ""tenant_id"": ""00000000-0000-0000-0000-000000000001"", ""created_at"": ""2026-10-04T15:54:07.84807+07:00"", ""created_by"": ""00000000-0000-0000-0000-000000000201"", ""price_list"": ""retail"", ""updated_at"": ""2026-10-04T15:54:07.84807+07:00"", ""customer_id"": ""00000000-0000-0000-0000-000000000601"", ""cancelled_at"": null, ""submitted_at"": null, ""warehouse_id"": ""70873b90-1e2d-48a2-9c83-cda907444921"", ""exchange_rate"": 1.00000000, ""base_amount_minor"": 10000000}","{""id"": ""71379fc3-c160-4125-ba0d-08dfbe1d98f4"", ""note"": ""teata"", ""number"": ""SO-0006"", ""status"": ""submitted"", ""currency"": ""IDR"", ""tenant_id"": ""00000000-0000-0000-0000-000000000001"", ""created_at"": ""2026-10-04T15:54:07.84807+07:00"", ""created_by"": ""00000000-0000-0000-0000-000000000201"", ""price_list"": ""retail"", ""updated_at"": ""2026-10-04T15:54:09.248233+07:00"", ""customer_id"": ""00000000-0000-0000-0000-000000000601"", ""cancelled_at"": null, ""submitted_at"": ""2026-10-04T15:54:09.248233+07:00"", ""warehouse_id"": ""70873b90-1e2d-48a2-9c83-cda907444921"", ""exchange_rate"": 1.00000000, ""base_amount_minor"": 10000000}",null
10,2026-10-04T15:54:07+07:00,INSERT,sales_orders,71379fc3-c160-4125-ba0d-08dfbe1d98f4,null,"{""id"": ""71379fc3-c160-4125-ba0d-08dfbe1d98f4"", ""note"": ""teata"", ""number"": ""SO-0006"", ""status"": ""draft"", ""currency"": ""IDR"", ""tenant_id"": ""00000000-0000-0000-0000-000000000001"", ""created_at"": ""2026-10-04T15:54:07.84807+07:00"", ""created_by"": ""00000000-0000-0000-0000-000000000201"", ""price_list"": ""retail"", ""updated_at"": ""2026-10-04T15:54:07.84807+07:00"", ""customer_id"": ""00000000-0000-0000-0000-000000000601"", ""cancelled_at"": null, ""submitted_at"": null, ""warehouse_id"": ""70873b90-1e2d-48a2-9c83-cda907444921"", ""exchange_rate"": 1.00000000, ""base_amount_minor"": 10000000}",null
9,2026-10-04T15:53:49+07:00,UPDATE,sales_orders,27e6ecec-6e21-4c01-932a-58b802aef599,"{""id"": ""27e6ecec-6e21-4c01-932a-58b802aef599"", ""note"": ""test"", ""number"": ""SO-0005"", ""status"": ""submitted"", ""currency"": ""IDR"", ""tenant_id"": ""00000000-0000-0000-0000-000000000001"", ""created_at"": ""2026-10-04T15:46:39.074864+07:00"", ""created_by"": ""00000000-0000-0000-0000-000000000201"", ""price_list"": ""retail"", ""updated_at"": ""2026-10-04T15:46:40.55652+07:00"", ""customer_id"": ""00000000-0000-0000-0000-000000000601"", ""cancelled_at"": null, ""submitted_at"": ""2026-10-04T15:46:40.55652+07:00"", ""warehouse_id"": ""70873b90-1e2d-48a2-9c83-cda907444921"", ""exchange_rate"": 1.00000000, ""base_amount_minor"": 10000000}","{""id"": ""27e6ecec-6e21-4c01-932a-58b802aef599"", ""note"": ""test"", ""number"": ""SO-0005"", ""status"": ""cancelled"", ""currency"": ""IDR"", ""tenant_id"": ""00000000-0000-0000-0000-000000000001"", ""created_at"": ""2026-10-04T15:46:39.074864+07:00"", ""created_by"": ""00000000-0000-0000-0000-000000000201"", ""price_list"": ""retail"", ""updated_at"": ""2026-10-04T15:53:49.910911+07:00"", ""customer_id"": ""00000000-0000-0000-0000-000000000601"", ""cancelled_at"": ""2026-10-04T15:53:49.910911+07:00"", ""submitted_at"": ""2026-10-04T15:46:40.55652+07:00"", ""warehouse_id"": ""70873b90-1e2d-48a2-9c83-cda907444921"", ""exchange_rate"": 1.00000000, ""base_amount_minor"": 10000000}",null
8,2026-10-04T15:46:40+07:00,UPDATE,sales_orders,27e6ecec-6e21-4c01-932a-58b802aef599,"{""id"": ""27e6ecec-6e21-4c01-932a-58b802aef599"", ""note"": ""test"", ""number"": ""SO-0005"", ""status"": ""draft"", ""currency"": ""IDR"", ""tenant_id"": ""00000000-0000-0000-0000-000000000001"", ""created_at"": ""2026-10-04T15:46:39.074864+07:00"", ""created_by"": ""00000000-0000-0000-0000-000000000201"", ""price_list"": ""retail"", ""updated_at"": ""2026-10-04T15:46:39.074864+07:00"", ""customer_id"": ""00000000-0000-0000-0000-000000000601"", ""cancelled_at"": null, ""submitted_at"": null, ""warehouse_id"": ""70873b90-1e2d-48a2-9c83-cda907444921"", ""exchange_rate"": 1.00000000, ""base_amount_minor"": 10000000}","{""id"": ""27e6ecec-6e21-4c01-932a-58b802aef599"", ""note"": ""test"", ""number"": ""SO-0005"", ""status"": ""submitted"", ""currency"": ""IDR"", ""tenant_id"": ""00000000-0000-0000-0000-000000000001"", ""created_at"": ""2026-10-04T15:46:39.074864+07:00"", ""created_by"": ""00000000-0000-0000-0000-000000000201"", ""price_list"": ""retail"", ""updated_at"": ""2026-10-04T15:46:40.55652+07:00"", ""customer_id"": ""00000000-0000-0000-0000-000000000601"", ""cancelled_at"": null, ""submitted_at"": ""2026-10-04T15:46:40.55652+07:00"", ""warehouse_id"": ""70873b90-1e2d-48a2-9c83-cda907444921"", ""exchange_rate"": 1.00000000, ""base_amount_minor"": 10000000}",null
7,2026-10-04T15:46:39+07:00,INSERT,sales_orders,27e6ecec-6e21-4c01-932a-58b802aef599,null,"{""id"": ""27e6ecec-6e21-4c01-932a-58b802aef599"", ""note"": ""test"", ""number"": ""SO-0005"", ""status"": ""draft"", ""currency"": ""IDR"", ""tenant_id"": ""00000000-0000-0000-0000-000000000001"", ""created_at"": ""2026-10-04T15:46:39.074864+07:00"", ""created_by"": ""00000000-0000-0000-0000-000000000201"", ""price_list"": ""retail"", ""updated_at"": ""2026-10-04T15:46:39.074864+07:00"", ""customer_id"": ""00000000-0000-0000-0000-000000000601"", ""cancelled_at"": null, ""submitted_at"": null, ""warehouse_id"": ""70873b90-1e2d-48a2-9c83-cda907444921"", ""exchange_rate"": 1.00000000, ""base_amount_minor"": 10000000}",null
6,2026-10-04T15:46:34+07:00,UPDATE,sales_orders,2da902ca-9c37-4dc5-b7c0-d2847abdbb80,"{""id"": ""2da902ca-9c37-4dc5-b7c0-d2847abdbb80"", ""note"": ""Nganu, ngetest doang"", ""number"": ""SO-0004"", ""status"": ""submitted"", ""currency"": ""IDR"", ""tenant_id"": ""00000000-0000-0000-0000-000000000001"", ""created_at"": ""2026-10-04T15:41:11.651074+07:00"", ""created_by"": ""00000000-0000-0000-0000-000000000201"", ""price_list"": ""retail"", ""updated_at"": ""2026-10-04T15:41:14.624787+07:00"", ""customer_id"": ""00000000-0000-0000-0000-000000000601"", ""cancelled_at"": null, ""submitted_at"": ""2026-10-04T15:41:14.624787+07:00"", ""warehouse_id"": ""70873b90-1e2d-48a2-9c83-cda907444921"", ""exchange_rate"": 1.00000000, ""base_amount_minor"": 50000000}","{""id"": ""2da902ca-9c37-4dc5-b7c0-d2847abdbb80"", ""note"": ""Nganu, ngetest doang"", ""number"": ""SO-0004"", ""status"": ""cancelled"", ""currency"": ""IDR"", ""tenant_id"": ""00000000-0000-0000-0000-000000000001"", ""created_at"": ""2026-10-04T15:41:11.651074+07:00"", ""created_by"": ""00000000-0000-0000-0000-000000000201"", ""price_list"": ""retail"", ""updated_at"": ""2026-10-04T15:46:34.477565+07:00"", ""customer_id"": ""00000000-0000-0000-0000-000000000601"", ""cancelled_at"": ""2026-10-04T15:46:34.477565+07:00"", ""submitted_at"": ""2026-10-04T15:41:14.624787+07:00"", ""warehouse_id"": ""70873b90-1e2d-48a2-9c83-cda907444921"", ""exchange_rate"": 1.00000000, ""base_amount_minor"": 50000000}",null
5,2026-10-04T15:41:14+07:00,UPDATE,sales_orders,2da902ca-9c37-4dc5-b7c0-d2847abdbb80,"{""id"": ""2da902ca-9c37-4dc5-b7c0-d2847abdbb80"", ""note"": ""Nganu, ngetest doang"", ""number"": ""SO-0004"", ""status"": ""draft"", ""currency"": ""IDR"", ""tenant_id"": ""00000000-0000-0000-0000-000000000001"", ""created_at"": ""2026-10-04T15:41:11.651074+07:00"", ""created_by"": ""00000000-0000-0000-0000-000000000201"", ""price_list"": ""retail"", ""updated_at"": ""2026-10-04T15:41:11.651074+07:00"", ""customer_id"": ""00000000-0000-0000-0000-000000000601"", ""cancelled_at"": null, ""submitted_at"": null, ""warehouse_id"": ""70873b90-1e2d-48a2-9c83-cda907444921"", ""exchange_rate"": 1.00000000, ""base_amount_minor"": 50000000}","{""id"": ""2da902ca-9c37-4dc5-b7c0-d2847abdbb80"", ""note"": ""Nganu, ngetest doang"", ""number"": ""SO-0004"", ""status"": ""submitted"", ""currency"": ""IDR"", ""tenant_id"": ""00000000-0000-0000-0000-000000000001"", ""created_at"": ""2026-10-04T15:41:11.651074+07:00"", ""created_by"": ""00000000-0000-0000-0000-000000000201"", ""price_list"": ""retail"", ""updated_at"": ""2026-10-04T15:41:14.624787+07:00"", ""customer_id"": ""00000000-0000-0000-0000-000000000601"", ""cancelled_at"": null, ""submitted_at"": ""2026-10-04T15:41:14.624787+07:00"", ""warehouse_id"": ""70873b90-1e2d-48a2-9c83-cda907444921"", ""exchange_rate"": 1.00000000, ""base_amount_minor"": 50000000}",null
4,2026-10-04T15:41:11+07:00,INSERT,sales_orders,2da902ca-9c37-4dc5-b7c0-d2847abdbb80,null,"{""id"": ""2da902ca-9c37-4dc5-b7c0-d2847abdbb80"", ""note"": ""Nganu, ngetest doang"", ""number"": ""SO-0004"", ""status"": ""draft"", ""currency"": ""IDR"", ""tenant_id"": ""00000000-0000-0000-0000-000000000001"", ""created_at"": ""2026-10-04T15:41:11.651074+07:00"", ""created_by"": ""00000000-0000-0000-0000-000000000201"", ""price_list"": ""retail"", ""updated_at"": ""2026-10-04T15:41:11.651074+07:00"", ""customer_id"": ""00000000-0000-0000-0000-000000000601"", ""cancelled_at"": null, ""submitted_at"": null, ""warehouse_id"": ""70873b90-1e2d-48a2-9c83-cda907444921"", ""exchange_rate"": 1.00000000, ""base_amount_minor"": 50000000}",null
3,2026-10-04T15:41:01+07:00,UPDATE,sales_orders,02452ba3-6cea-4695-a729-cde70ceb26ac,"{""id"": ""02452ba3-6cea-4695-a729-cde70ceb26ac"", ""note"": """", ""number"": ""SO-0003"", ""status"": ""submitted"", ""currency"": ""USD"", ""tenant_id"": ""00000000-0000-0000-0000-000000000001"", ""created_at"": ""2026-10-04T14:45:39.278721+07:00"", ""created_by"": ""00000000-0000-0000-0000-000000000201"", ""price_list"": ""retail"", ""updated_at"": ""2026-10-04T15:27:43.685443+07:00"", ""customer_id"": ""00000000-0000-0000-0000-000000000602"", ""cancelled_at"": null, ""submitted_at"": ""2026-10-04T15:27:43.685443+07:00"", ""warehouse_id"": ""70873b90-1e2d-48a2-9c83-cda907444921"", ""exchange_rate"": 23.00000000, ""base_amount_minor"": 460000000}","{""id"": ""02452ba3-6cea-4695-a729-cde70ceb26ac"", ""note"": """", ""number"": ""SO-0003"", ""status"": ""cancelled"", ""currency"": ""USD"", ""tenant_id"": ""00000000-0000-0000-0000-000000000001"", ""created_at"": ""2026-10-04T14:45:39.278721+07:00"", ""created_by"": ""00000000-0000-0000-0000-000000000201"", ""price_list"": ""retail"", ""updated_at"": ""2026-10-04T15:41:01.415601+07:00"", ""customer_id"": ""00000000-0000-0000-0000-000000000602"", ""cancelled_at"": ""2026-10-04T15:41:01.415601+07:00"", ""submitted_at"": ""2026-10-04T15:27:43.685443+07:00"", ""warehouse_id"": ""70873b90-1e2d-48a2-9c83-cda907444921"", ""exchange_rate"": 23.00000000, ""base_amount_minor"": 460000000}",null
2,2026-10-04T15:27:43+07:00,UPDATE,sales_orders,02452ba3-6cea-4695-a729-cde70ceb26ac,"{""id"": ""02452ba3-6cea-4695-a729-cde70ceb26ac"", ""note"": """", ""number"": ""SO-0003"", ""status"": ""draft"", ""currency"": ""USD"", ""tenant_id"": ""00000000-0000-0000-0000-000000000001"", ""created_at"": ""2026-10-04T14:45:39.278721+07:00"", ""created_by"": ""00000000-0000-0000-0000-000000000201"", ""price_list"": ""retail"", ""updated_at"": ""2026-10-04T14:45:39.278721+07:00"", ""customer_id"": ""00000000-0000-0000-0000-000000000602"", ""cancelled_at"": null, ""submitted_at"": null, ""warehouse_id"": ""70873b90-1e2d-48a2-9c83-cda907444921"", ""exchange_rate"": 23.00000000, ""base_amount_minor"": 460000000}","{""id"": ""02452ba3-6cea-4695-a729-cde70ceb26ac"", ""note"": """", ""number"": ""SO-0003"", ""status"": ""submitted"", ""currency"": ""USD"", ""tenant_id"": ""00000000-0000-0000-0000-000000000001"", ""created_at"": ""2026-10-04T14:45:39.278721+07:00"", ""created_by"": ""00000000-0000-0000-0000-000000000201"", ""price_list"": ""retail"", ""updated_at"": ""2026-10-04T15:27:43.685443+07:00"", ""customer_id"": ""00000000-0000-0000-0000-000000000602"", ""cancelled_at"": null, ""submitted_at"": ""2026-10-04T15:27:43.685443+07:00"", ""warehouse_id"": ""70873b90-1e2d-48a2-9c83-cda907444921"", ""exchange_rate"": 23.00000000, ""base_amount_minor"": 460000000}",null
1,2026-10-04T14:45:39+07:00,INSERT,sales_orders,02452ba3-6cea-4695-a729-cde70ceb26ac,null,"{""id"": ""02452ba3-6cea-4695-a729-cde70ceb26ac"", ""note"": """", ""number"": ""SO-0003"", ""status"": ""draft"", ""currency"": ""USD"", ""tenant_id"": ""00000000-0000-0000-0000-000000000001"", ""created_at"": ""2026-10-04T14:45:39.278721+07:00"", ""created_by"": ""00000000-0000-0000-0000-000000000201"", ""price_list"": ""retail"", ""updated_at"": ""2026-10-04T14:45:39.278721+07:00"", ""customer_id"": ""00000000-0000-0000-0000-000000000602"", ""cancelled_at"": null, ""submitted_at"": null, ""warehouse_id"": ""70873b90-1e2d-48a2-9c83-cda907444921"", ""exchange_rate"": 23.00000000, ""base_amount_minor"": 460000000}",null
