No,Timestamp,Event,Entity,Document,Entity ID,Actor,Field,Old Value,New Value
1,2026-10-04 19:38:31,UPDATE,approval_instances,SO-0001,e89a2885-5f8a-4dab-a90f-8eb112211585,system,decided_at,,2026-10-04T19:38:31.062018+07:00
2,2026-10-04 19:38:31,UPDATE,approval_instances,SO-0001,e89a2885-5f8a-4dab-a90f-8eb112211585,system,decided_by,,00000000-0000-0000-0000-000000000201
3,2026-10-04 19:38:31,UPDATE,approval_instances,SO-0001,e89a2885-5f8a-4dab-a90f-8eb112211585,system,status,pending,approved
4,2026-10-04 19:38:10,UPDATE,sales_orders,SO-0006,71379fc3-c160-4125-ba0d-08dfbe1d98f4,system,(no tracked changes),,
5,2026-10-04 19:38:10,UPDATE,approval_instances,SO-0006,79315faa-9663-4cd0-803b-af5936ecff12,system,decided_at,,2026-10-04T19:38:10.441312+07:00
6,2026-10-04 19:38:10,UPDATE,approval_instances,SO-0006,79315faa-9663-4cd0-803b-af5936ecff12,system,decided_by,,00000000-0000-0000-0000-000000000201
7,2026-10-04 19:38:10,UPDATE,approval_instances,SO-0006,79315faa-9663-4cd0-803b-af5936ecff12,system,status,pending,approved
8,2026-10-04 15:54:09,INSERT,approval_instances,SO-0006,79315faa-9663-4cd0-803b-af5936ecff12,system,amount_minor,,10000000
9,2026-10-04 15:54:09,INSERT,approval_instances,SO-0006,79315faa-9663-4cd0-803b-af5936ecff12,system,decided_at,,
10,2026-10-04 15:54:09,INSERT,approval_instances,SO-0006,79315faa-9663-4cd0-803b-af5936ecff12,system,decided_by,,
11,2026-10-04 15:54:09,INSERT,approval_instances,SO-0006,79315faa-9663-4cd0-803b-af5936ecff12,system,document_id,,71379fc3-c160-4125-ba0d-08dfbe1d98f4
12,2026-10-04 15:54:09,INSERT,approval_instances,SO-0006,79315faa-9663-4cd0-803b-af5936ecff12,system,document_label,,SO-0006
13,2026-10-04 15:54:09,INSERT,approval_instances,SO-0006,79315faa-9663-4cd0-803b-af5936ecff12,system,document_type,,SO
14,2026-10-04 15:54:09,INSERT,approval_instances,SO-0006,79315faa-9663-4cd0-803b-af5936ecff12,system,requester_id,,00000000-0000-0000-0000-000000000201
15,2026-10-04 15:54:09,INSERT,approval_instances,SO-0006,79315faa-9663-4cd0-803b-af5936ecff12,system,status,,pending
16,2026-10-04 15:54:09,UPDATE,sales_orders,SO-0006,71379fc3-c160-4125-ba0d-08dfbe1d98f4,system,status,draft,submitted
17,2026-10-04 15:54:09,UPDATE,sales_orders,SO-0006,71379fc3-c160-4125-ba0d-08dfbe1d98f4,system,submitted_at,,2026-10-04T15:54:09.248233+07:00
18,2026-10-04 15:54:07,INSERT,sales_orders,SO-0006,71379fc3-c160-4125-ba0d-08dfbe1d98f4,system,base_amount_minor,,10000000
19,2026-10-04 15:54:07,INSERT,sales_orders,SO-0006,71379fc3-c160-4125-ba0d-08dfbe1d98f4,system,cancelled_at,,
20,2026-10-04 15:54:07,INSERT,sales_orders,SO-0006,71379fc3-c160-4125-ba0d-08dfbe1d98f4,system,created_by,,00000000-0000-0000-0000-000000000201
21,2026-10-04 15:54:07,INSERT,sales_orders,SO-0006,71379fc3-c160-4125-ba0d-08dfbe1d98f4,system,currency,,IDR
22,2026-10-04 15:54:07,INSERT,sales_orders,SO-0006,71379fc3-c160-4125-ba0d-08dfbe1d98f4,system,customer_id,,00000000-0000-0000-0000-000000000601
23,2026-10-04 15:54:07,INSERT,sales_orders,SO-0006,71379fc3-c160-4125-ba0d-08dfbe1d98f4,system,exchange_rate,,1
24,2026-10-04 15:54:07,INSERT,sales_orders,SO-0006,71379fc3-c160-4125-ba0d-08dfbe1d98f4,system,note,,teata
25,2026-10-04 15:54:07,INSERT,sales_orders,SO-0006,71379fc3-c160-4125-ba0d-08dfbe1d98f4,system,number,,SO-0006
26,2026-10-04 15:54:07,INSERT,sales_orders,SO-0006,71379fc3-c160-4125-ba0d-08dfbe1d98f4,system,price_list,,retail
27,2026-10-04 15:54:07,INSERT,sales_orders,SO-0006,71379fc3-c160-4125-ba0d-08dfbe1d98f4,system,status,,draft
28,2026-10-04 15:54:07,INSERT,sales_orders,SO-0006,71379fc3-c160-4125-ba0d-08dfbe1d98f4,system,submitted_at,,
29,2026-10-04 15:54:07,INSERT,sales_orders,SO-0006,71379fc3-c160-4125-ba0d-08dfbe1d98f4,system,warehouse_id,,70873b90-1e2d-48a2-9c83-cda907444921
30,2026-10-04 15:53:49,UPDATE,sales_orders,SO-0005,27e6ecec-6e21-4c01-932a-58b802aef599,system,cancelled_at,,2026-10-04T15:53:49.910911+07:00
31,2026-10-04 15:53:49,UPDATE,sales_orders,SO-0005,27e6ecec-6e21-4c01-932a-58b802aef599,system,status,submitted,cancelled
32,2026-10-04 15:46:40,UPDATE,sales_orders,SO-0005,27e6ecec-6e21-4c01-932a-58b802aef599,system,status,draft,submitted
33,2026-10-04 15:46:40,UPDATE,sales_orders,SO-0005,27e6ecec-6e21-4c01-932a-58b802aef599,system,submitted_at,,2026-10-04T15:46:40.55652+07:00
34,2026-10-04 15:46:39,INSERT,sales_orders,SO-0005,27e6ecec-6e21-4c01-932a-58b802aef599,system,base_amount_minor,,10000000
35,2026-10-04 15:46:39,INSERT,sales_orders,SO-0005,27e6ecec-6e21-4c01-932a-58b802aef599,system,cancelled_at,,
36,2026-10-04 15:46:39,INSERT,sales_orders,SO-0005,27e6ecec-6e21-4c01-932a-58b802aef599,system,created_by,,00000000-0000-0000-0000-000000000201
37,2026-10-04 15:46:39,INSERT,sales_orders,SO-0005,27e6ecec-6e21-4c01-932a-58b802aef599,system,currency,,IDR
38,2026-10-04 15:46:39,INSERT,sales_orders,SO-0005,27e6ecec-6e21-4c01-932a-58b802aef599,system,customer_id,,00000000-0000-0000-0000-000000000601
39,2026-10-04 15:46:39,INSERT,sales_orders,SO-0005,27e6ecec-6e21-4c01-932a-58b802aef599,system,exchange_rate,,1
40,2026-10-04 15:46:39,INSERT,sales_orders,SO-0005,27e6ecec-6e21-4c01-932a-58b802aef599,system,note,,test
41,2026-10-04 15:46:39,INSERT,sales_orders,SO-0005,27e6ecec-6e21-4c01-932a-58b802aef599,system,number,,SO-0005
42,2026-10-04 15:46:39,INSERT,sales_orders,SO-0005,27e6ecec-6e21-4c01-932a-58b802aef599,system,price_list,,retail
43,2026-10-04 15:46:39,INSERT,sales_orders,SO-0005,27e6ecec-6e21-4c01-932a-58b802aef599,system,status,,draft
44,2026-10-04 15:46:39,INSERT,sales_orders,SO-0005,27e6ecec-6e21-4c01-932a-58b802aef599,system,submitted_at,,
45,2026-10-04 15:46:39,INSERT,sales_orders,SO-0005,27e6ecec-6e21-4c01-932a-58b802aef599,system,warehouse_id,,70873b90-1e2d-48a2-9c83-cda907444921
46,2026-10-04 15:46:34,UPDATE,sales_orders,SO-0004,2da902ca-9c37-4dc5-b7c0-d2847abdbb80,system,cancelled_at,,2026-10-04T15:46:34.477565+07:00
47,2026-10-04 15:46:34,UPDATE,sales_orders,SO-0004,2da902ca-9c37-4dc5-b7c0-d2847abdbb80,system,status,submitted,cancelled
48,2026-10-04 15:41:14,UPDATE,sales_orders,SO-0004,2da902ca-9c37-4dc5-b7c0-d2847abdbb80,system,status,draft,submitted
49,2026-10-04 15:41:14,UPDATE,sales_orders,SO-0004,2da902ca-9c37-4dc5-b7c0-d2847abdbb80,system,submitted_at,,2026-10-04T15:41:14.624787+07:00
50,2026-10-04 15:41:11,INSERT,sales_orders,SO-0004,2da902ca-9c37-4dc5-b7c0-d2847abdbb80,system,base_amount_minor,,50000000
51,2026-10-04 15:41:11,INSERT,sales_orders,SO-0004,2da902ca-9c37-4dc5-b7c0-d2847abdbb80,system,cancelled_at,,
52,2026-10-04 15:41:11,INSERT,sales_orders,SO-0004,2da902ca-9c37-4dc5-b7c0-d2847abdbb80,system,created_by,,00000000-0000-0000-0000-000000000201
53,2026-10-04 15:41:11,INSERT,sales_orders,SO-0004,2da902ca-9c37-4dc5-b7c0-d2847abdbb80,system,currency,,IDR
54,2026-10-04 15:41:11,INSERT,sales_orders,SO-0004,2da902ca-9c37-4dc5-b7c0-d2847abdbb80,system,customer_id,,00000000-0000-0000-0000-000000000601
55,2026-10-04 15:41:11,INSERT,sales_orders,SO-0004,2da902ca-9c37-4dc5-b7c0-d2847abdbb80,system,exchange_rate,,1
56,2026-10-04 15:41:11,INSERT,sales_orders,SO-0004,2da902ca-9c37-4dc5-b7c0-d2847abdbb80,system,note,,"Nganu, ngetest doang"
57,2026-10-04 15:41:11,INSERT,sales_orders,SO-0004,2da902ca-9c37-4dc5-b7c0-d2847abdbb80,system,number,,SO-0004
58,2026-10-04 15:41:11,INSERT,sales_orders,SO-0004,2da902ca-9c37-4dc5-b7c0-d2847abdbb80,system,price_list,,retail
59,2026-10-04 15:41:11,INSERT,sales_orders,SO-0004,2da902ca-9c37-4dc5-b7c0-d2847abdbb80,system,status,,draft
60,2026-10-04 15:41:11,INSERT,sales_orders,SO-0004,2da902ca-9c37-4dc5-b7c0-d2847abdbb80,system,submitted_at,,
61,2026-10-04 15:41:11,INSERT,sales_orders,SO-0004,2da902ca-9c37-4dc5-b7c0-d2847abdbb80,system,warehouse_id,,70873b90-1e2d-48a2-9c83-cda907444921
62,2026-10-04 15:41:01,UPDATE,sales_orders,SO-0003,02452ba3-6cea-4695-a729-cde70ceb26ac,system,cancelled_at,,2026-10-04T15:41:01.415601+07:00
63,2026-10-04 15:41:01,UPDATE,sales_orders,SO-0003,02452ba3-6cea-4695-a729-cde70ceb26ac,system,status,submitted,cancelled
64,2026-10-04 15:27:43,UPDATE,sales_orders,SO-0003,02452ba3-6cea-4695-a729-cde70ceb26ac,system,status,draft,submitted
65,2026-10-04 15:27:43,UPDATE,sales_orders,SO-0003,02452ba3-6cea-4695-a729-cde70ceb26ac,system,submitted_at,,2026-10-04T15:27:43.685443+07:00
66,2026-10-04 14:45:39,INSERT,sales_orders,SO-0003,02452ba3-6cea-4695-a729-cde70ceb26ac,system,base_amount_minor,,460000000
67,2026-10-04 14:45:39,INSERT,sales_orders,SO-0003,02452ba3-6cea-4695-a729-cde70ceb26ac,system,cancelled_at,,
68,2026-10-04 14:45:39,INSERT,sales_orders,SO-0003,02452ba3-6cea-4695-a729-cde70ceb26ac,system,created_by,,00000000-0000-0000-0000-000000000201
69,2026-10-04 14:45:39,INSERT,sales_orders,SO-0003,02452ba3-6cea-4695-a729-cde70ceb26ac,system,currency,,USD
70,2026-10-04 14:45:39,INSERT,sales_orders,SO-0003,02452ba3-6cea-4695-a729-cde70ceb26ac,system,customer_id,,00000000-0000-0000-0000-000000000602
71,2026-10-04 14:45:39,INSERT,sales_orders,SO-0003,02452ba3-6cea-4695-a729-cde70ceb26ac,system,exchange_rate,,23
72,2026-10-04 14:45:39,INSERT,sales_orders,SO-0003,02452ba3-6cea-4695-a729-cde70ceb26ac,system,note,,
73,2026-10-04 14:45:39,INSERT,sales_orders,SO-0003,02452ba3-6cea-4695-a729-cde70ceb26ac,system,number,,SO-0003
74,2026-10-04 14:45:39,INSERT,sales_orders,SO-0003,02452ba3-6cea-4695-a729-cde70ceb26ac,system,price_list,,retail
75,2026-10-04 14:45:39,INSERT,sales_orders,SO-0003,02452ba3-6cea-4695-a729-cde70ceb26ac,system,status,,draft
76,2026-10-04 14:45:39,INSERT,sales_orders,SO-0003,02452ba3-6cea-4695-a729-cde70ceb26ac,system,submitted_at,,
77,2026-10-04 14:45:39,INSERT,sales_orders,SO-0003,02452ba3-6cea-4695-a729-cde70ceb26ac,system,warehouse_id,,70873b90-1e2d-48a2-9c83-cda907444921
